date,economy_avg_sent,fed_avg_sent,finance_avg_sent,inflation_avg_sent,interest rate_avg_sent,tech regulation_avg_sent,trade war_avg_sent,trump_avg_sent
10/1/2024,-0.188826923,-0.26415,-0.120433333,-0.52305,0,0,0,-0.027383333
10/2/2024,-0.043433333,0.6179,0.1283,0.1117,0.358866667,0,-0.460233333,0.008844231
10/3/2024,-0.098177778,-0.010933333,0.167066667,0.3094,-0.561633333,0,-0.224975,-0.044945833
10/4/2024,0.110278788,-0.5574,-0.253816667,0.4939,0.10555,0,-0.25535,-0.233012903
10/5/2024,-0.2896,0.3182,-0.6751,0,0,0,0,-0.187015
10/6/2024,0.036966667,0.0387,0,0,0.3182,0.5423,0.6369,-0.052392857
10/8/2024,-0.111984615,0.37155,-0.3245,0.0129,0.8516,0,0.106066667,0.137481818
10/9/2024,-0.063907143,0.1825,0.00351,0.079366667,-0.6249,0.0516,0,0.018391176
10/10/2024,0.060995,0.468566667,0.0218,0.182733333,0.2291,0,0.18495,-0.031328571
10/11/2024,0.167836842,0.671433333,0.04185,-0.2278,0.5106,0.1779,0,0.121064865
10/12/2024,0.072152381,0,-0.335,0.4215,0,0,0.128,0.009304762
10/13/2024,0.05597,0,0.1357,0,0.1073,0,0,0.0663
10/15/2024,0.106125,0.460833333,0.0652,0,0.6369,-0.4767,-0.182666667,0.030186667
10/16/2024,-0.067804348,-0.422033333,-0.070542857,0,0,0,-0.2893,-0.040154545
10/17/2024,0.077810526,-0.4157,0.041528571,0.0694,-0.313275,0,-0.1472,-0.051233333
10/18/2024,-0.217068421,0.162833333,-0.047525,0,0.3399,0.6808,0,0.029877778
10/19/2024,-0.110846154,-0.9081,0.029677778,0.1222,-0.2732,0,0,-0.304853846
10/20/2024,-0.341344444,0.0258,-0.03296,-0.5994,0,0,-0.8032,-0.007661538
10/22/2024,-0.04968,0.06575,0.019283333,0.3889,-0.0622,0,-0.2617,0.0249375
10/23/2024,0.037805263,0,0.12405,-0.6145,0.384833333,-0.4215,-0.2981,0.016681579
10/24/2024,-0.13601,-0.225566667,0.343725,0.340133333,-0.088475,0,-0.120675,-0.110564103
10/25/2024,0.115940741,-0.029933333,0.3276,0,0.255933333,0,0.346166667,-0.053294737
10/26/2024,-0.02596875,0.27115,-0.09505,0.08295,-0.1779,0,-0.48385,0.060174194
10/27/2024,0.036645455,-0.295333333,-0.5267,-0.17875,-0.7227,0,0.34,-0.150326087
10/29/2024,-0.05015,0,0.278833333,0.051833333,0.0258,0,-0.17442,-0.054491667
10/30/2024,0.014145833,-0.0362,-0.105563636,0.18566,0.0508,0.765,-0.17728,-0.039008889
10/31/2024,-0.051212,0,0.24165,0.2986,-0.1992,-0.2263,-0.05135,-0.067292453
11/1/2024,-0.076163636,-0.18455,-0.04649,0.148,0.197433333,0,0.5925,-0.178036735
11/2/2024,-0.102516667,-0.296,0.202533333,0.1858,0,0,0.67525,-0.094377778
11/3/2024,-0.000909375,0.5719,0.040516667,-0.1485,0,0,-0.6705,0.014229032
11/5/2024,-0.018119048,0,0.198358333,0,0.6705,0,-0.9274,-0.091721538
11/6/2024,0.050906667,0.245875,0.51338,0.07508,0,-0.3116,-0.224466667,0.087973563
11/7/2024,0.058078125,0.080914286,0.184733333,-0.2401,-0.2732,0.25,-0.21935,0.037195556
11/8/2024,0.128136,0.055633333,0.240733333,0,0.0207,0,-0.16525,0.07255
11/9/2024,0.288414286,-0.9133,-0.0789,-0.7184,-0.4822,0.269633333,-0.539233333,0.116266667
11/10/2024,0.26338,-0.4215,0.802,0.0516,0,0.4005,-0.40475,-0.1802
11/12/2024,-0.028325,0.8519,-0.204775,0.0964,0,0,0.56465,0.102668571
11/13/2024,-0.070590909,0.165633333,0.317966667,-0.029766667,-0.4302,-0.7717,0.29695,0.167298113
11/14/2024,0.263892308,0.177233333,0.365425,-0.065816667,0.0794,-0.1582,-0.291766667,0.005523636
11/15/2024,0.0933,0.515925,0.624616667,-0.029133333,0,0,0,0.07728913
11/16/2024,-0.2129,0.4588,-0.443,0,-0.5574,0,-0.0516,-0.021879167
11/17/2024,-0.34303,0,0.207866667,0.0721,0,0,0.296,-0.131153333
11/19/2024,-0.095894444,0.172,-0.01196,0.138525,-0.5495,-0.0516,0,-0.132303226
11/20/2024,-0.226342857,-0.49775,0.009325,0.2161625,-0.2617,0,-0.38585,-0.002967391
11/21/2024,0.017873333,-0.2846,0.14545,0,0.026,-0.2732,0.2616,-0.088115789
11/22/2024,0.146538462,-0.167233333,-0.027233333,0,0.296,0,-0.0258,-0.078402632
11/23/2024,-0.04665,0.08394,0.21655,0.16075,0,0,0.096733333,0.200119048
11/24/2024,0.022433333,-0.7096,0.1403,-0.34275,0,0,-0.8658,0.158741667
11/26/2024,-0.092045455,0.52,-0.529975,0,-0.3612,0,-0.05772,-0.119244118
11/27/2024,-0.444890909,0.002466667,-0.431133333,-0.02742,0.432933333,0.0408,-0.0959,-0.16075
11/28/2024,-0.029686667,0,0.3818,0.0772,0.043533333,0.1027,-0.0258,0.11018125
11/29/2024,-0.06743,0,0.25484,0.1591,0.34828,0,-0.3182,0.076711765
11/30/2024,-0.13838,-0.7906,-0.1471,0.7269,-0.8625,0,0,0.39971
12/1/2024,7.14E-05,0.56265,0,0,-0.1027,0,-0.1625,0.000871429
12/3/2024,-0.085923077,0.029266667,0.01325,-0.1303,0.2762,0,0.230466667,0.055016667
12/4/2024,-0.04199,-0.10884,-0.258883333,0.08275,0.4086,-0.5719,-0.3917,0.047193478
12/5/2024,-0.1055,-0.271033333,0.26722,0,0.01734,-0.2868,-0.620525,-0.125133333
12/6/2024,-0.133283333,0.5267,0.518466667,0.0616,0,0.38275,-0.2997,-0.004634211
12/7/2024,0.24562,-0.296,-0.30085,-0.836,0.054,0.3612,0,0.034842105
12/8/2024,-0.169672727,0.2419,0.021333333,-0.5106,0,0,-0.4475,-0.176635
12/10/2024,0.071016667,-0.094925,-0.3055,0.43326,0.04975,-0.495033333,-0.6124,0.044620833
12/11/2024,0.144843478,0.17795,0.02602,0.1944,0.0772,0,0.73965,-0.032237931
12/12/2024,-0.00935,-0.3922,-0.05945,0.1909,-0.482525,0,0.323533333,-0.06537907
12/13/2024,0.125582353,0.2971,-0.14128,0.234425,0.5106,0.1779,-0.22582,0.024473077
12/14/2024,-0.313266667,0,-0.290075,0.1548,0,0.6597,-0.802,-0.004555
12/15/2024,0.089266667,0,-0.236575,0,0,0,0,0.125906667
12/17/2024,-0.114544444,0.3577,0.040425,0,0.494066667,0,-0.386633333,0.100514815
12/18/2024,0.0092,-0.03526,-0.55796,-0.1531,0.4404,0,0.20095,-0.071022222
12/19/2024,-0.139952941,-0.3138,0.214175,-0.24102,0.2009,0,0.021666667,-0.052236842
12/20/2024,0.048447368,0.40626,-0.0131,-0.57205,0,-0.3818,0.416833333,-0.006027778
12/21/2024,-0.306472727,0.1779,0.34,-0.0386,0,0,-0.5106,0.16646
12/22/2024,-0.18834,0,0,0,0,0,0.6369,0.186872727
12/24/2024,0.0863875,-0.413425,0.02786,0,0,0,-0.2819,0.04295
12/25/2024,-0.20372,0,0.4215,0,0,0,-0.29295,0.230571429
12/26/2024,0.034961538,-0.0655,-0.2787,0.4019,0,0,-0.40188,-0.250225
12/27/2024,0.034326667,0.7783,-0.288175,-0.0029,-0.9738,0.4588,0.3377,0.186
12/28/2024,-0.30388,0.560633333,-0.0349,0.38475,-0.2732,0,0,0.032
12/29/2024,-0.06135,-0.390233333,-0.71345,0.482757143,0.7269,0,-0.6776,-0.03566
12/31/2024,-0.157669231,0,-0.765,0.2666,0,0,-0.269633333,-0.138107143
1/1/2025,-0.012081818,-0.7845,0.085266667,0,-0.8402,0,-0.5109,-0.116376923
1/2/2025,-0.024442857,-0.2016,0.5423,-0.5963,0.7039,0.15875,0.11465,-0.184736364
1/3/2025,0.043542857,0,-0.20848,0,0.4375,-0.8807,-0.3192,-0.13939697
1/4/2025,0.055375,-0.9042,0.4019,-0.7717,0,0,-0.513033333,-0.243635294
1/5/2025,-0.093857143,0.002733333,0.0272,0.024966667,-0.1027,0,0.098666667,-0.206871429
1/6/2025,-0.03705,-0.043,-0.26725,0,0,0.1779,0.5216,-0.142119444
1/7/2025,-0.212436364,0,0.30184,0,0,0,0,0
1/8/2025,0.08,-0.0238,0.37644,-0.416125,0,0.2869,-0.189733333,-0.006964865
1/9/2025,-0.1007,0,-0.068014286,0.47315,-0.1366,0,0.11315,-0.001794118
1/10/2025,0.023432,-0.067533333,0.1496625,-0.3324,-0.005633333,0,-0.1492,-0.071697917
1/11/2025,-0.2123,-0.1818,-0.02775,0.070833333,0,0,0,0.03524
1/12/2025,0.067125,-0.286366667,0.1901,0.2023,0,0,-0.1406,-0.0575625
1/13/2025,0.046983333,0.4201,0.341783333,0,-0.2202,0.8807,-0.255233333,0.024534483
1/14/2025,0.166314286,0,0.13726,0,0,0,0,0
1/15/2025,0.065925,0.3182,-0.0715,0,0,0,-0.1495,0.17755
1/16/2025,-0.040838095,0.3738,-0.150854545,0.1974,0,-0.09125,0.326,0.018633333
1/17/2025,-0.053627273,0.13295,0.325171429,-0.114125,0.9217,-0.5994,-0.28625,0.017153125
1/18/2025,-0.081125,0,-0.12762,0,-0.1244,0.6908,-0.6791,-0.044017647
1/19/2025,0.190933333,0.0772,0,0.1384,-0.2382,0.068033333,-0.36345,0.028020513
1/20/2025,-0.002654545,0.5818,0.489225,0.18336,0,0.02805,-0.051133333,0.120907692
1/21/2025,0.052428571,0,-0.179414286,0,0,0,0,0
1/22/2025,-0.0711,-0.30775,0.079685714,0.43635,0.25,-0.7351,0.2732,-0.040710909
1/23/2025,-0.112114286,-0.064,-0.091325,0.21252,0.123566667,0.4939,-0.29236,0.038117308
1/24/2025,0.195993333,-0.5994,0.09852,0.07822,0.4019,0.4041,-0.20145,-0.146423077
1/25/2025,0.07176,-0.1806,-0.0768,0.52575,0.0772,-0.296,-0.127533333,0.00131875
1/26/2025,0.1704625,0,0.1091,0,0.2732,0,-0.2732,-0.054189474
1/27/2025,-0.123066667,0.1461,-0.1867,0.6068,-0.22465,-0.5106,0.182733333,-0.129711111
1/28/2025,-0.261194737,0,0.00459,0,0,0,0,0
1/29/2025,0.031408333,0.14715,0.007095833,0.4019,0,-0.296,0.087225,-0.145519403
1/30/2025,-0.124533333,-0.127075,0.06305,-0.4088,0.6486,0,0.065966667,-0.003301471
1/31/2025,-0.009122222,0.446266667,0.0816,-0.2737,0,0,0.00465,-0.191
2/1/2025,0.155626667,0.4933,0.2861,-0.0258,-0.1531,0,0.574866667,-0.053633333
2/2/2025,-0.0278,0.37765,0.0341,0,-0.8442,0,-0.140357143,-0.072133333
2/3/2025,-0.065405556,-0.2817,0.049475,0,0.5825,0,-0.001014286,-0.1312
2/4/2025,-0.104095455,0,0.303,0,0,0,0,0
2/5/2025,0.044492857,0.4939,-0.16566,-0.04025,-0.296,-0.75895,-0.29654,-0.084013043
2/6/2025,0.02939375,0.05875,-0.065516667,-0.125833333,0.05135,0.2732,0.059883333,-0.077147541
2/7/2025,0.10097,0.052866667,0.162963636,0,-0.46415,0,0.08038,-0.111808621
2/8/2025,-0.196176923,0.31845,0.3715,0.1027,-0.2263,-0.092066667,0.38775,-0.218391892
2/9/2025,-0.0144,-0.4053,-0.05,0.0193,-0.34,0,-0.479333333,-0.0468625
2/10/2025,-0.200530769,0,0.279733333,-0.162433333,0,-0.04425,-0.196033333,0.082626316
2/11/2025,-0.3190375,0,0.101728571,0,0,0,0,0
2/12/2025,-0.16447,0,-0.130233333,-0.132366667,-0.3404,0,-0.06205,0.017443284
2/13/2025,0.040155,-0.116933333,0.11716,-0.0258,0.65175,0.7717,-0.32175,-0.021441791
2/14/2025,-0.018468421,-0.1786,0.1645,-0.048966667,0,0,0.28155,-0.124485484
2/15/2025,0.068157143,-0.3173,0.225433333,-0.04494,0,0,0.2836,-0.031764706
2/16/2025,-0.111011111,0.5859,-0.442,0.2384,0,0,0.22935,-0.270421053
2/17/2025,-0.073714286,0,-0.2357,-0.296,0.3612,0,0.7184,-0.117342857
2/18/2025,-0.156563636,0,-0.46645,0,0,0,0,0
2/19/2025,-0.073127273,0.1918,0.04712,0.083333333,0.358066667,0.296,0.025328571,-0.089025
2/20/2025,0.025070588,0,0.2345,0.453533333,0,0,0.0278,-0.104959649
2/21/2025,-0.201895238,0.26335,0.00021,0.6212,0,-0.1779,0.2986,-0.08215
2/22/2025,0.108466667,0,0.0258,-0.6249,0.44785,0,0.29675,-0.158530556
2/23/2025,-0.009646154,-0.5267,-0.0351,0,0,0,-0.348933333,0.001505263
2/24/2025,0.037047059,0,-0.3334,-0.7184,0.34,0.2023,0.02465,0.063897143
2/25/2025,0.02260625,0,-0.18326,0,0,0,0,0
2/26/2025,-0.025808333,0,0.131863636,-0.6797,-0.1655,-0.25,-0.259166667,-0.058170833
2/27/2025,0.178144444,-0.23385,-0.037766667,-0.6369,-0.31275,-0.298833333,0,-0.112135294
2/28/2025,0.056876471,-0.13185,0.150811111,0.0276,0.11035,0,0.055525,-0.082742857
3/1/2025,-0.019884615,0.22485,-0.26994,-0.802,0,0,0.502066667,-0.191221622
3/2/2025,0.02938,0,0.01674,0.4721,0,0,-0.70005,-0.110278571
3/3/2025,-0.1375875,-0.7003,-0.005525,0.21625,0.2541,0,-0.169,-0.082247368
3/4/2025,-0.176142857,-0.349633333,0.031271429,-0.0243,0,0,0.00173,-0.188457778
3/5/2025,-0.067255556,-0.0696,0.0085125,0.108433333,0.5152,0,0.096022222,-0.080726087
3/6/2025,-0.241633333,-0.3568,-0.1300875,0.2618,-0.316833333,0,-0.226775,0.002567692
3/8/2025,0.09164,-0.2732,-0.2415,0.0225,0.3612,0,-0.5423,0.015051613
3/9/2025,-0.045228571,0,0.397666667,0.3182,0,0,0.5574,-0.163294737
3/10/2025,-0.323515789,0.53675,0.9032,0.442733333,0,0,0.179233333,-0.18111087
3/11/2025,-0.118595,-0.154525,0.66785,-0.174066667,-0.2817,0,-0.1518375,-0.061117391
3/12/2025,-0.156405556,-0.12086,-0.0602,-0.198585714,0,0,0.271228571,-0.031963158
3/13/2025,0.011691667,-0.2602,0.1796,-0.1779,0,0,-0.22568,-0.115004839
3/15/2025,-0.247885714,-0.0029,-0.365825,0,-0.2603,0,-0.5647,-0.057627586
3/16/2025,-0.114883333,-0.5859,0.18455,0,0,0,0.4404,-0.112290476
3/17/2025,-0.293771429,-0.6563,0.2456,0.7778,0,0,0.38715,-0.083291892
3/18/2025,-0.022388889,0.2787,0.165942857,0.06545,0.7184,-0.1531,-0.377175,-0.13061129
3/19/2025,-0.102705,-0.025914286,0.45615,-0.550033333,0,0,-0.03442,-0.12315
3/20/2025,-0.085246667,-0.20136,0.155833333,-0.254466667,-0.5144,0,-0.2202,-0.127561702
3/22/2025,0.1224875,0.035033333,0.24048,0,0.34,0,0.8834,-0.088618519
3/23/2025,0.074155556,0.418,0.25496,-0.4404,0,0,0.431,-0.077995455
3/24/2025,-0.1395,-0.366875,-0.065983333,0,-0.40865,0.4019,-0.009866667,-0.083726
3/25/2025,0.090485714,0.147475,0.14296,0,-0.41055,0,0,-0.192721818
3/26/2025,-0.179106667,0.31095,0.193816667,-0.32985,-0.7506,0,-0.3101,-0.071389655
3/27/2025,0.001764286,0.2745,-0.170071429,-0.45485,0,-0.02815,-0.53312,-0.188768421
3/29/2025,-0.1148,0.6369,0.008942857,0.363333333,0.1779,0,-0.5267,-0.032402703
3/30/2025,-0.266675,0.2023,0,0,-0.4247,0,-0.31694,0.114792308
3/31/2025,-0.301407143,-0.53832,-0.0632,-0.34,-0.3182,0,0.065425,-0.076496078
4/1/2025,-0.02623125,0.044633333,0.10384,0,0.2383,0,-0.1497,-0.174969231
4/2/2025,0.048903846,-0.45625,0.055725,0.24975,0,0,0,-0.043580556
4/3/2025,-0.081765116,0,-0.46666,0.28,0.5413,-0.7003,0.058028571,-0.1105
4/5/2025,-0.209511111,0.435666667,-0.0317,0,0,0,0.0389,-0.016068182
4/6/2025,-0.204986667,0.041633333,0.2732,0,-0.4404,0,0.094125,-0.261778571
4/7/2025,0.042431034,0.198375,0.4859,-0.36982,0.775,0.5345,-0.438425,-0.099176744
4/8/2025,-0.128841935,0.29295,0.24706,-0.182866667,0,0.3182,0.1702,0.011535
4/9/2025,-0.22826,0.4588,0.054366667,0.6705,-0.48945,-0.2732,-0.082333333,-0.179267925
4/10/2025,-0.177732432,0.09255,-0.03575,-0.04606,0.55505,0,-0.288583333,-0.133907273
4/12/2025,-0.139013333,-0.8316,0.36062,-0.2651,-0.802,0,-0.26415,-0.181704348
4/13/2025,0.006346154,0,-0.23835,0,0,-0.1531,-0.05895,-0.038570588
4/14/2025,-0.1904875,-0.10462,-0.1069,-0.296,0.872,0,-0.240283333,-0.06873
4/15/2025,-0.293586667,0,0.1858,-0.3818,-0.4767,0.2202,-0.054671429,-0.112457143
4/16/2025,-0.270814286,-0.046,0.08943,0.4215,0.2023,0.128,-0.0232,-0.158651923
4/17/2025,-0.130444,0.5109,0.188766667,0.1097,-0.2743,-0.5267,0.28855,-0.165217391
4/19/2025,-0.263577778,0.78525,0.03478,-0.25,-0.5994,0,-0.7697,-0.231873684
4/20/2025,-0.2261,0.272533333,0,0,-0.8225,0,0.1366,-0.2402
4/21/2025,-0.078646154,-0.6486,0.005866667,0.7906,0,0,0.05705,0.114260714
4/22/2025,-0.164071429,-0.14296,-0.1305,-0.36845,-0.7269,0,0.141883333,-0.07405625
4/23/2025,0.017596,-0.3818,0.16455,0,-0.0085,0.5493,0.022225,-0.192994737
4/24/2025,-0.216571429,0.0498,0.39969,0.2235,-0.21075,0,-0.216461538,-0.194378261
4/26/2025,-0.165318182,-0.6705,-0.207583333,0,0,0,-0.4934,-0.139226667
4/27/2025,0.188766667,0,0.0634,-0.5994,0,0,-0.19512,-0.348911111
4/28/2025,0.0088375,0.350333333,0.3097,0.743,0,0,-0.055666667,-0.118910526
4/29/2025,0.016764516,-0.024,0.28285,-0.2911,-0.5759,0,-0.077175,-0.054617778
4/30/2025,0.01817,-0.3263,-0.0318,-0.2764,0.578366667,0,-0.097833333,-0.03534
5/1/2025,-0.06885,-0.020025,-0.292983333,0.0258,0,0,-0.07705,-0.118233333
5/3/2025,0.0286,-0.34,0.4215,0,0,0,0.03845,-0.031840909
5/4/2025,-0.0913,-0.116,-0.7703,0,0,0,0,0.060170588
5/5/2025,0.024461111,0.3112,0.0716875,0,0,0.4215,0.46402,-0.022758333
5/6/2025,0.055628,-0.45625,-0.01334,-0.2732,0.6007,0,-0.210816667,-0.126504
5/7/2025,-0.150180769,0.367433333,-0.75605,-0.4588,0,0.4588,0.164671429,-0.072115217
5/8/2025,0.156447619,-0.17925,0.1103,0.07655,0.21915,-0.765,-0.08335,-0.07472807
5/10/2025,0.200771429,0.1276,0.525825,0.4019,-0.398,0,-0.099466667,-0.128404762
5/11/2025,0.25128,-0.7351,-0.6249,0,0.5423,-0.1027,0,0.132654545
5/12/2025,0.028890476,-0.680825,0.258133333,0.2588,-0.1453,0.39185,0.1796,0.179605263
5/13/2025,0.018075,0.1998,-0.004092308,0.206616667,0.24415,-0.6908,-0.166616667,-0.099176744
5/14/2025,-0.05023125,-0.46445,0.2997,0.2263,-0.1096,0,-0.05905,0.121534043
5/15/2025,-0.039211765,0.3561,0.121516667,-0.2144,-0.10235,-0.4588,0.048288889,-0.15014127
5/17/2025,-0.062084615,-0.1113,0.1942,0,0.0772,0,0.20272,-0.307622727
5/18/2025,0.13196,0,-0.081966667,0,0.765,-0.3612,-0.21824,-0.140871429
5/19/2025,-0.064985,-0.29295,-0.01972,0.486266667,0,-0.0772,-0.162733333,-0.072184211
5/20/2025,-0.271364706,0.22425,0.05246,-0.071466667,0,0,-0.295266667,0.0022
5/21/2025,0.06515,-0.231033333,-0.124366667,0.14985,0,0.1779,-0.31165,-0.055776
5/22/2025,-0.34958,0.200233333,0.018,-0.0792,-0.8591,0.5859,-0.305142857,-0.146785
5/24/2025,-0.3046,0.07655,-0.2386,0,0,0,-0.1998,-0.375227273
5/25/2025,0.10638,0.310475,0.2913,0,0.5644,0,-0.35015,-0.118525
5/26/2025,-0.084228571,0.6124,-0.10595,-0.6298,0,0.8126,-0.079516667,-0.069828571
5/27/2025,-0.1435,0.10855,-0.152357143,0.24375,-0.5471,0,-0.2967,-0.154722857
5/28/2025,-0.255776923,-0.195425,-0.315725,0.5859,0.5023,0,0.0038,-0.131612903
5/29/2025,-0.358835714,-0.49235,0.13411,0.5267,-0.3612,0,0.012366667,-0.164913953
5/31/2025,0.04376,-0.42115,-0.0704,0,-0.094333333,0.0389,0,-0.17135
6/1/2025,0.0673,-0.1779,-0.193,0,0.3167,0,-0.0141,0.14893125
6/2/2025,-0.268784615,0.201433333,0.0394,0,0.7096,0,0.12284,-0.186946875
6/3/2025,-0.199075,0.183866667,-0.54205,0.4678,0,0,-0.2294,-0.196451923
6/4/2025,-0.04391875,0.3895,-0.064,0.28595,0.4767,0,-0.2237,-0.107288571
6/5/2025,-0.198386667,-0.464066667,-0.5509,0.1531,-0.3027,-0.1531,-0.506275,-0.213670769
6/6/2025,-0.11175625,-0.238616667,-0.02574,0.088666667,0.031233333,-0.5267,0.105575,-0.153117308
6/8/2025,-0.0708,0.4019,-0.7579,0.5991,0,0,0.1121,-0.096469444
6/9/2025,0.300209091,-0.190566667,-0.6705,-0.2372,-0.2732,0,0.023,-0.16528
6/10/2025,-0.346433333,-0.3753,0.10434,-0.13975,-0.7546,0.4019,-0.00278,-0.160452727
6/11/2025,-0.089375,0,0.17715,0.3612,0,0,0.151766667,-0.072128571
6/12/2025,-0.058457143,0.28595,-0.12765,0,0.24695,0,-0.184,-0.088087273
6/13/2025,-0.115088889,-0.239,-0.150375,-0.4853,0.20135,-0.3804,-0.7409,-0.131664474
6/15/2025,-0.058033333,0,-0.07285,0.267,0,0,0.4183,-0.1226
6/16/2025,0.093533333,-0.9337,-0.374625,-0.631,-0.07,-0.6486,-0.1991,-0.115718519
6/17/2025,0.091826316,-0.0682,-0.23354,0,0,0,-0.433425,-0.148952174
6/18/2025,-0.195358824,0.229442857,-0.09046,0.58985,0,0,-0.615828571,-0.156657407
6/19/2025,-0.18688,0.3755,-0.322066667,-0.4047,0.1205,-0.3182,-0.655425,-0.131141667
6/20/2025,-0.071566667,-0.49235,0.54806,0.26158,0,0,-0.271183333,-0.123655814
6/22/2025,-0.03982,0,-0.2796,0,0,0,-0.07095,-0.342443182
6/23/2025,0.167508333,-0.084016667,0.176725,0.5423,0,0.0516,0.7223,-0.3139525
6/24/2025,0.05312,0.410866667,0.2604,0.10705,-0.6597,0,-0.4716,-0.165333871
6/25/2025,0.1252375,0.175675,0.007588889,0.088466667,0,0.1531,-0.131116667,0.030677049
6/26/2025,0.066666667,0.23755,0.031233333,-0.0258,0,-0.9001,-0.066166667,-0.007792105
6/27/2025,-0.084311765,-0.065442857,-0.187683333,0.070866667,0.4767,0,0.008133333,-0.154668182
6/29/2025,-0.125125,0,-0.4215,0.4029,0,0,0,-0.08335625
6/30/2025,-0.168505263,-0.11785,0.19095,-0.1531,-0.01755,0.3612,-0.322425,-0.157135484
7/1/2025,0.166214286,0.127266667,-0.033366667,0.25675,-0.397575,-0.1715,0.221066667,0.120390476
7/2/2025,-0.111083333,0.5816,-0.12398,0,0.631,0,0.00965,-0.199036364
7/3/2025,-0.021369565,0.41355,0.561042857,0.6127,0.121933333,0,0.1591,-0.054436585
7/4/2025,0.149527273,0.08992,0.431,-0.1863,0.296,0,0.41695,-0.1417
7/6/2025,0.26195,0,-0.163933333,0,0,-0.56465,-0.8403,0.03206
7/7/2025,-0.1153125,0.66785,0.137125,-0.5994,-0.9124,0,-0.194975,-0.066396154
7/8/2025,0.054885714,0,-0.12778,0.1848,0,-0.4404,-0.12398,-0.137754545
7/9/2025,0.094222222,-0.40158,-0.371725,-0.25,0.3462,0,-0.197671429,-0.077757895
7/10/2025,-0.118971429,0.5267,0.243533333,0.145466667,0,0.8822,-0.39415,-0.049097436
7/11/2025,-0.21236,0.0897,-0.39745,-0.4854,0.2732,0,-0.32062,-0.064858824
7/13/2025,-0.12135,-0.7338,-0.06635,-0.05665,0,0,0.6038,-0.234972727
7/14/2025,-0.079866667,-0.058133333,-0.18295,-0.3818,0,0.130633333,-0.7085,-0.265181818
7/15/2025,-0.020529412,-0.5049,0.213116667,-0.4404,0,0.8122,-0.376666667,-0.159332558
7/16/2025,0.227492308,-0.263033333,0.003266667,0.4989,0,0,0.1226,-0.162432353
7/17/2025,0.04492,-0.444885714,-0.119066667,0.6997,-0.3182,0.4019,0,-0.086268421
7/18/2025,-0.335435714,0.320125,0.36165,-0.0209,0.2023,0,-0.155483333,0.013502632
7/20/2025,-0.323583333,0.41845,0,0,-0.6486,0,-0.68065,-0.091707692
7/21/2025,0.142914286,0,-0.09705,0,0,0,-0.219975,-0.221725714
7/22/2025,0.0481,-0.5648,-0.213075,0.32985,0.0386,0,-0.42115,-0.088860526
7/23/2025,-0.010214286,0.11768,0.015075,0.4019,0,0,0.08255,-0.057112
7/24/2025,-0.02375625,0.1524,-0.14595,0.5562,0.176966667,-0.9076,0.161116667,-0.090279592
7/25/2025,0.172145455,-0.029275,-0.207214286,-0.34,0,0,0.347366667,-0.086374194
7/27/2025,0.1044,0,0.24912,0.0258,0.3715,0,-0.19855,-0.263566667
7/28/2025,-0.054253333,-0.29075,-0.296,-0.2295,0,0,-0.35996,0.1335
7/29/2025,0.0381,-0.31355,-0.614833333,0.7579,0,0,-0.11385,-0.086454286
7/30/2025,-0.047157143,-0.29855,0.33804,0.4649,-0.514166667,0,-0.054075,0.054411905
7/31/2025,-0.086036842,0.26576,0.0105,0,0.55545,0.8807,-0.0398,-0.01005
8/1/2025,-0.333240909,-0.077816667,0.03122,-0.3182,-0.3182,0,-0.043433333,-0.064917143
8/3/2025,-0.145883333,0.2382,-0.1909,0,0,0,0,-0.099494444
8/4/2025,-0.105466667,-0.135725,0.13124,-0.5346,0.266166667,0.6808,-0.035166667,-0.117251613
8/5/2025,-0.0699,0.2023,0.02865,0.6808,0.0679,0,-0.0843,-0.048055882
8/6/2025,-0.278115385,0.60175,-0.3376,0.3818,0,0,0.04326,-0.058231429
8/7/2025,-0.06019,0.0546,0.051033333,-0.280466667,-0.18808,0,0.3544,-0.09145
8/8/2025,-0.159028571,-0.071925,0.0144,0.6369,0.1655,0,-0.1221,-0.117655556
8/10/2025,-0.154322222,-0.27295,0.485633333,-0.0291,0,0,-0.282833333,-0.119923529
8/11/2025,-0.316478571,0.342366667,-0.195866667,0.6705,0.37265,0,-0.3182,-0.212089474
8/12/2025,-0.329072727,0.0096,0.189466667,-0.219425,0,-0.20095,-0.3093,-0.119777778
8/13/2025,0.128163636,-0.271783333,0.137733333,0,-0.7579,0,0.081575,-0.105689474
8/14/2025,0.17445,0.2147,0.125388889,-0.236033333,0,0,0.213366667,0.002593939
8/15/2025,-0.201827273,-0.7778,-0.310625,0,-0.109066667,0,0.099675,-0.087964865
8/17/2025,-0.012866667,0.8779,0.478466667,0.1347,0,0,0.13085,0.101641667
8/18/2025,0.13184,-0.1329,-0.1319,0,0,0.1154,0,-0.057807143
8/19/2025,0.064830769,-0.6369,-0.009885714,0.4215,-0.0516,0,0.19195,0.057269811
8/20/2025,0.03545,-0.273383333,0.040442857,0,0.4767,0,-0.0703,0.15606129
8/21/2025,-0.110417647,0.68345,-0.106583333,0,0,0,-0.19855,-0.002222222
8/22/2025,-0.168577273,0.003657143,-0.17396,0,0,0,-0.10525,-0.1311875
8/24/2025,-0.537866667,0.6423,0.3818,0,0.7351,0,-0.212733333,-0.104854545
8/25/2025,-0.165336364,0.0258,0.37605,0.200466667,0.7184,-0.7251,0.068,-0.173531034
8/26/2025,-0.201931818,-0.27395,0.097166667,0,0.408166667,-0.5859,0.7567,-0.162672727
8/27/2025,0.041515789,0.2521,-0.33295,-0.3613,-0.7351,0,0.12995,-0.134097368
8/28/2025,0.085,-0.483566667,0.2662,-0.5267,0,0,0.629,-0.068279167
8/29/2025,-0.12343,-0.091628571,-0.62255,-0.8834,0,-0.3111,0.3258,-0.100265909
8/31/2025,-0.0171875,-0.3866,-0.03675,0.4588,0.1882,0,0.4404,-0.1990125
9/1/2025,-0.287233333,0.2869,0.63365,-0.7184,0.0263,0,-0.001585714,-0.328094737
9/2/2025,-0.074473333,0.42935,-0.0317,0.1027,0,0,0.3818,-0.129677778
9/3/2025,0.109833333,0.2023,0.264433333,0.016066667,0,0.0703,-0.32952,-0.09325625
9/4/2025,-0.156786667,0.08808,-0.239475,0,-0.115866667,0,-0.30146,-0.140385294
9/5/2025,-0.055457895,0.2822,0.34916,0.07655,-0.234333333,-0.1027,0.06425,-0.173391176
9/7/2025,-0.087111111,0,-0.3138,0.0516,0.4404,0,-0.2353,-0.103970588
9/8/2025,-0.29474375,-0.462033333,-0.132266667,0.3818,0,-0.7351,0,-0.13850303
9/9/2025,-0.101357895,0.3506,-0.1141,-0.2855,-0.34,-0.43155,-0.04785,-0.133702128
9/10/2025,0.163814286,0.001033333,0.7351,0,0.044233333,0,-0.343916667,-0.046625
9/11/2025,-0.28965,-0.272871429,-0.01374,0.00115,0,0,0,-0.285552632
9/12/2025,-0.09266,-0.325333333,0.1353125,0.0916,0.14445,0.6124,-0.1684,-0.277438889
9/14/2025,-0.010011111,-0.2164,0.06402,0.765,-0.0054,0,0,-0.120061111
9/15/2025,-0.093964706,0,0.16256,0,0.2263,-0.836,-0.81435,-0.102211429
9/16/2025,0.053091667,-0.152372727,-0.137425,0,0.77995,0.2716,-0.7872,-0.13151
9/17/2025,-0.01645,0.086166667,-0.251422222,0,0.8779,-0.089266667,0.058933333,-0.211553061
9/18/2025,0.079091304,0.12928,0.2153,0.003266667,-0.120483333,0.0275,0,-0.044106
9/19/2025,0.1496125,-0.47355,0.13888,-0.1784,-0.43185,0.8779,0.021733333,-0.085338095
9/21/2025,0.086183333,-0.3121,-0.1244,0,-0.5267,0.4767,0.2582,-0.098995238
9/22/2025,0.177013333,0.1242,0.19078,0,-0.5267,-0.0293,-0.072225,-0.038954545
9/23/2025,-0.183207143,0.095233333,0.180133333,0.182825,-0.1782,-0.2985,-0.03818,-0.013019608
9/24/2025,-0.041694118,-0.3347,0.16185,0.023825,-0.3659,-0.24695,-0.66055,-0.118595082
9/25/2025,0.016446667,0.047142857,0.0844,-0.9128,0.094875,0.5056,0.124366667,-0.042530769
9/26/2025,-0.11229375,0.4404,0.1685,-0.20435,0.61655,-0.256966667,0.3548,-0.095993478
9/28/2025,-0.310171429,-0.5423,-0.2064,0,-0.1094,0.1527,-0.1187,-0.084071429
9/29/2025,0.05849,-0.146433333,-0.47365,0.040666667,0.1079,-0.0617,0,-0.003468293
9/30/2025,-0.055855556,-0.2628625,-1.00E-04,0.014628571,-0.0611,0,-0.24775,-0.118051852
